<?xml version="1.0" encoding="utf-8"?>
<litepal>
    <dbname value="steamApplication"></dbname>
    <version value = "3"></version>
    <list>
        <mapping class="com.greenhill.scott.steamApplication.LitePalDatabase.Game"></mapping>

        <mapping class="com.greenhill.scott.steamApplication.LitePalDatabase.Achievements"></mapping>

        <mapping class="com.greenhill.scott.steamApplication.LitePalDatabase.UserInfo"></mapping>

        <mapping class="com.greenhill.scott.steamApplication.LitePalDatabase.Friend"></mapping>
    </list>
</litepal>
